,Temperature,River_Flow,Rainfall,Pollution_Index,pH,DO,Turbidity,Conductivity
2024-01-01,15.66745243900228,432.46878919590176,1.1847847897612984,53.4078269912331,8.034078269912332,5.329608650438345,55.737435641671446,650.5587024342483
2024-01-02,15.0,435.4597611819319,1.1847847897612984,49.11523391564331,7.991152339156433,5.544238304217835,51.659472219861144,618.3642543673247
2024-01-03,15.0,598.5945358138681,1.1847847897612984,46.45920069639486,7.964592006963948,5.677039965180257,49.136240661575115,598.4440052229614
2024-01-04,15.747307836315137,555.562544164675,1.1847847897612984,46.4044507828418,7.964044507828418,5.67977746085791,49.08422824369971,598.0333808713135
2024-01-05,15.0,473.8065617490562,1.1847847897612984,39.06280799340541,7.8906280799340545,6.0468596003297295,42.10966759373514,542.9710599505406
2024-01-06,15.0,459.142809105314,1.1847847897612984,44.0894446170856,7.940894446170856,5.795527769145719,46.88497238623132,580.6708346281421
2024-01-07,15.0,552.6588531275534,1.1847847897612984,46.576625730799265,7.965766257307993,5.671168713460037,49.2477944442593,599.3246929809945
2024-01-08,16.47707559845707,505.59088535115615,1.1847847897612984,48.33000677522049,7.983300067752205,5.583499661238975,50.913506436459464,612.4750508141537
2024-01-09,15.0,444.1772161342534,1.1847847897612984,44.80827322366982,7.948082732236698,5.75958633881651,47.567859562486326,586.0620491775237
2024-01-10,15.0,766.23111181932,1.1847847897612984,35.19434012307217,7.851943401230722,6.2402829938463915,38.434623116918566,513.9575509230413
2024-01-11,18.135093460001727,544.8179236267565,1.1847847897612984,54.84262822715384,8.048426282271539,5.257868588642308,57.10049681579614,661.3197117036538
2024-01-12,17.471945312472453,486.18024835791624,1.1847847897612984,47.04615809822799,7.97046158098228,5.6476920950886,49.69385019331659,602.8461857367099
2024-01-13,15.0,409.98472751638934,1.1847847897612984,46.36322131357417,7.9636322131357415,5.681838934321291,49.045060247895464,597.7241598518062
2024-01-14,15.211014437109279,632.5821076386528,1.1847847897612984,51.51524695514059,8.015152469551406,5.4242376522429705,53.93948460738356,636.3643521635545
2024-01-15,15.0,662.9535148634862,1.1847847897612984,44.56486277837549,7.945648627783755,5.771756861081226,47.336619639456714,584.2364708378161
2024-01-16,15.0,377.70175935722534,1.1847847897612984,43.7484400615711,7.937484400615711,5.812577996921445,46.56101805849255,578.1133004617833
2024-01-17,15.135542926658168,440.58341283153425,1.1847847897612984,39.84471739359295,7.89844717393593,6.007764130320353,42.852481523913305,548.8353804519471
2024-01-18,15.0,621.5539920219196,1.1847847897612984,43.443684094506764,7.934436840945068,5.827815795274661,46.271499889781424,575.8276307088007
2024-01-19,15.0,380.4318512885395,1.1847847897612984,50.563121191782564,8.005631211917827,5.471843940410872,53.03496513219344,629.2234089383692
2024-01-20,17.162856240289237,444.54820880810723,1.1847847897612984,59.32826970196799,8.09328269701968,5.0335865149016,61.3618562168696,694.9620227647599
2024-01-21,15.0,479.4904466185742,1.1847847897612984,52.1511543845161,8.021511543845161,5.392442280774195,54.543596665290295,641.1336578838707
2024-01-22,15.0,480.4160526971344,1.1847847897612984,48.50767523813049,7.985076752381305,5.574616238093475,51.082291476223965,613.8075642859787
2024-01-23,15.088956884757083,625.0582460277733,1.1847847897612984,35.337467486755465,7.853374674867554,6.233126625662226,38.57059411241769,515.0310061506659
2024-01-24,15.0,551.8959841082218,1.1847847897612984,52.11789465011008,8.0211789465011,5.394105267494496,54.511999917604584,640.8842098758257
2024-01-25,18.72149144997643,622.0274142759396,1.1847847897612984,61.693254072263755,8.116932540722637,4.915337296386812,63.60859136865057,712.6994055419782
2024-01-26,15.0,335.3169648664521,1.1847847897612984,45.47030114011304,7.95470301140113,5.7264849429943485,48.19678608310738,591.0272585508478
2024-01-27,17.991865617695403,578.6218757735908,1.1847847897612984,54.265969766769224,8.042659697667693,5.286701511661539,56.552671278430765,656.9947732507692
2024-01-28,15.0,515.9062240061247,1.1847847897612984,53.97164504747957,8.039716450474796,5.301417747626022,56.27306279510559,654.7873378560968
2024-01-29,15.0,636.6847874839791,1.1847847897612984,47.50474602886844,7.9750474602886845,5.624762698556578,50.12950872742502,606.2855952165132
2024-01-30,15.829334994047297,353.5657692893996,1.1847847897612984,44.576466609333615,7.9457646660933365,5.771176669533319,47.34764327886693,584.3234995700021
2024-01-31,17.77779888064601,551.2772422133169,1.1847847897612984,54.29556175909004,8.0429556175909,5.285221912045499,56.580783671135535,657.2167131931753
2024-02-01,15.0,572.5992114955305,1.1847847897612984,46.0037517836153,7.960037517836153,5.699812410819235,48.703564194434534,595.0281383771147
2024-02-02,15.764882536964286,511.3251347884111,1.1847847897612984,34.90045357925,7.8490045357925,6.2549773210375,38.1554309002875,511.753401844375
2024-02-03,16.900761506273362,505.26181583944026,1.1847847897612984,44.915546846192775,7.949155468461928,5.754222657690361,47.66976950388314,586.8666013464458
2024-02-04,16.328760760593344,369.79771682736555,1.1847847897612984,44.502605214662026,7.94502605214662,5.774869739266899,47.27747495392892,583.7695391099652
2024-02-05,17.628307811839058,560.8176740486456,1.1847847897612984,56.345565390715315,8.063455653907154,5.182721730464234,58.528287121179545,672.5917404303648
2024-02-06,16.54580040320527,527.2342654125429,1.1847847897612984,50.014978234609565,8.000149782346096,5.499251088269522,52.51422932287909,625.1123367595717
2024-02-07,18.991936371706547,550.8541988286778,1.1847847897612984,52.937785764919916,8.0293778576492,5.353110711754004,55.29089647667392,647.0333932368994
2024-02-08,17.637457615894633,488.9773572439322,1.1847847897612984,53.74339740509238,8.037433974050924,5.312830129745381,56.05622753483777,653.0754805381929
2024-02-09,15.875570421843149,496.3789911792329,1.1847847897612984,45.356938367946164,7.953569383679461,5.732153081602692,48.08909144954885,590.1770377595963
2024-02-10,19.66802350197729,400.1429231034714,1.1847847897612984,56.992145206678636,8.069921452066787,5.150392739666068,59.1425379463447,677.4410890500898
2024-02-11,15.0,659.0767403319364,1.1847847897612984,40.89068264448242,7.908906826444825,5.955465867775879,43.846148512258296,556.6801198336182
2024-02-12,17.7203705935265,434.22338079757395,1.1847847897612984,60.50822938018373,8.105082293801837,4.974588530990813,62.48281791117454,703.811720351378
2024-02-13,16.565773652326843,623.8081100148497,1.1847847897612984,51.916669548574255,8.019166695485742,5.404166522571288,54.32083607114554,639.3750216143069
2024-02-14,17.302031779136247,405.39636742612487,1.1847847897612984,44.12102494354891,7.941210249435489,5.793948752822555,46.91497369637146,580.9076870766169
2024-02-15,17.161679774011755,579.7510736390806,1.1847847897612984,59.173166033835,8.09173166033835,5.0413416983082495,61.214507732143254,693.7987452537625
2024-02-16,17.431234247806515,435.4750744107816,1.1847847897612984,51.009551895825446,8.010095518958254,5.449522405208728,53.45907430103417,632.5716392186908
2024-02-17,15.0,543.7066791368541,1.1847847897612984,45.21846830076324,7.952184683007633,5.739076584961838,47.95754488572508,589.1385122557243
2024-02-18,18.107135411197,369.30874883666024,1.1847847897612984,54.945415221494024,8.04945415221494,5.2527292389252995,57.19814446041932,662.0906141612052
2024-02-19,17.80278928599219,545.4043240673858,1.1847847897612984,59.575836079781936,8.09575836079782,5.021208196010903,61.59704427579285,696.8187705983646
2024-02-20,18.770501619261406,507.8447413998824,1.1847847897612984,53.49418058170654,8.034941805817066,5.325290970914673,55.819471552621216,651.2063543627991
2024-02-21,17.19740539156311,522.6285570117936,1.1847847897612984,54.59834487479869,8.045983448747986,5.270082756260066,56.86842763105875,659.4875865609902
2024-02-22,18.417477500563173,517.2449232022175,1.1847847897612984,62.45933632560512,8.124593363256052,4.877033183719744,64.33636950932487,718.4450224420384
2024-02-23,17.68079814328402,646.1828501246894,1.1847847897612984,57.19726625356187,8.071972662535618,5.140136687321906,59.33740294088378,678.9794969017141
2024-02-24,19.61117007240133,558.8837245944525,1.1847847897612984,44.58158440724068,7.945815844072407,5.770920779637966,47.352505186878645,584.361883054305
2024-02-25,22.224666450163493,367.44335196629265,1.1847847897612984,61.543698300529485,8.115436983005296,4.922815084973526,63.466513385503006,711.5777372539711
2024-02-26,19.84450838674763,564.0357694004362,1.1847847897612984,52.35571252575731,8.023557125257573,5.382214373712134,54.73792689946945,642.6678439431798
2024-02-27,19.85464542863901,448.053812166377,1.1847847897612984,56.57852463498199,8.06578524634982,5.171073768250901,58.74959840323289,674.3389347623649
2024-02-28,17.79722296512499,562.9036897067057,1.1847847897612984,59.86131157189214,8.098613115718921,5.0069344214053935,61.868245993297535,698.9598367891911
2024-02-29,20.61697694350137,343.93876957695284,1.1847847897612984,63.812192154304995,8.13812192154305,4.809390392284751,65.62158254658974,728.5914411572874
2024-03-01,16.91366257600833,569.0767027777499,1.1847847897612984,50.58744242699574,8.005874424269958,5.4706278786502125,53.058070305645956,629.405818202468
2024-03-02,22.665552574023593,263.5466994466408,1.1847847897612984,73.7253394162623,8.237253394162623,4.313733029186885,75.0390724454492,802.9400456219673
2024-03-03,21.24623007874484,452.047760990651,1.1847847897612984,66.14958951663085,8.161495895166308,4.692520524168457,67.84211004079931,746.1219213747314
2024-03-04,19.548300428139246,367.8138127334463,1.1847847897612984,58.32617423972433,8.083261742397243,5.0836912880137834,60.40986552773811,687.4463067979325
2024-03-05,18.51059587754811,517.056806432137,1.1847847897612984,60.41276720096455,8.104127672009646,4.979361639951772,62.39212884091633,703.0957540072342
2024-03-06,22.043481981291517,521.0878798378588,1.1847847897612984,64.12956746043365,8.141295674604336,4.793521626978318,65.92308908741197,730.9717559532523
2024-03-07,19.646023667293434,428.1840611818349,1.1847847897612984,61.561511012150476,8.115615110121505,4.921924449392476,63.483435461542946,711.7113325911286
2024-03-08,23.068430948770406,480.4798460873497,1.1847847897612984,75.39424376609949,8.253942437660996,4.2302878116950255,76.62453157779451,815.4568282457461
2024-03-09,21.81159551960158,637.3528035344904,1.1847847897612984,57.767964830616236,8.077679648306162,5.111601758469188,59.87956658908543,683.2597362296217
2024-03-10,21.551599371869,474.7817220154167,1.1847847897612984,57.53820799244,8.0753820799244,5.123089600378,59.661297592818,681.5365599433001
2024-03-11,20.475319922426372,628.3838563258546,1.1847847897612984,61.623151089116575,8.116231510891165,4.918842445544171,63.54199353466075,712.1736331683744
2024-03-12,20.636853028753908,576.5876122489219,1.1847847897612984,52.722219053833655,8.027222190538337,5.363889047308318,55.08610810114197,645.4166429037524
2024-03-13,24.737533541953013,551.5665283048309,1.1847847897612984,73.85828278358709,8.23858282783587,4.307085860820646,75.16536864440772,803.9371208769031
2024-03-14,22.230437493745168,460.76039817614765,1.1847847897612984,73.64111175208888,8.23641111752089,4.317944412395557,74.95905616448442,802.3083381406666
2024-03-15,23.1554771849988,646.5853028685325,1.1847847897612984,64.2722296037356,8.142722296037356,4.7863885198132206,66.05861812354883,732.0417220280169
2024-03-16,22.16509586086361,457.2673314608025,1.1847847897612984,67.8680207559106,8.178680207559106,4.60659896220447,69.47461971811508,759.0101556693296
2024-03-17,21.777371550891058,504.7792379298703,1.1847847897612984,62.80697600374743,8.128069760037475,4.859651199812628,64.66662720356005,721.0523200281057
2024-03-18,20.00573923447979,396.5308025306583,1.1847847897612984,55.13346766105415,8.05133467661054,5.243326616947293,57.37679427800144,663.5010074579061
2024-03-19,21.62180459171933,587.8320072180524,1.1847847897612984,60.174588153094916,8.101745881530949,4.991270592345254,62.165858745440175,701.3094111482119
2024-03-20,24.150239490346433,645.0895008202758,1.1847847897612984,69.92524574206548,8.199252457420656,4.503737712896726,71.42898345496222,774.4393430654911
2024-03-21,22.502611838371458,540.380410523373,1.1847847897612984,66.49584460825592,8.16495844608256,4.675207769587203,68.17105237784313,748.7188345619195
2024-03-22,23.712296890258482,637.9927390760306,1.1847847897612984,66.94698550404532,8.169469855040454,4.652650724797734,68.59963622884305,752.1023912803398
2024-03-23,24.075172412986326,426.27530622050966,1.1847847897612984,78.47632857139581,8.284763285713957,4.076183571430209,79.55251214282602,838.5724642854686
2024-03-24,24.195588684240146,494.1864835809605,1.1847847897612984,71.15562921635092,8.21155629216351,4.442218539182454,72.59784775553337,783.6672191226319
2024-03-25,23.098369333544863,544.8378041272756,1.1847847897612984,75.2219766754768,8.252219766754768,4.23890116622616,76.46087784170295,814.164825066076
2024-03-26,24.44986487916426,666.2401096612094,1.1847847897612984,69.80191969445072,8.198019196944507,4.509904015277463,71.31182370972819,773.5143977083804
2024-03-27,22.492653300018773,385.24008859054715,1.1847847897612984,68.63409206779572,8.186340920677956,4.568295396610214,70.20238746440593,764.7556905084679
2024-03-28,23.05641082780578,413.40771261067454,1.1847847897612984,77.66602598646217,8.276660259864622,4.116698700676891,78.78272468713907,832.4951948984663
2024-03-29,24.96558005209109,523.6287206167758,1.1847847897612984,76.7287092349872,8.267287092349871,4.16356453825064,77.89227377323785,825.465319262404
2024-03-30,24.769834399025708,409.683575991259,1.1847847897612984,70.88649692419285,8.208864969241928,4.455675153790358,72.34217207798321,781.6487269314464
2024-03-31,25.489641673170198,447.2512836147517,1.1847847897612984,80.53559861003515,8.305355986100352,3.9732200694982422,81.50881867953339,854.0169895752637
2024-04-01,26.789345089576887,588.453081921195,1.1847847897612984,69.18581776458988,8.1918581776459,4.540709111770505,70.7265268763604,768.8936332344241
2024-04-02,26.203339281920794,514.7124246802049,1.1847847897612984,67.9681465665009,8.17968146566501,4.601592671674954,69.56973923817587,759.7610992487569
2024-04-03,27.758898398834834,498.02709810704476,1.1847847897612984,75.68506324689663,8.256850632468966,4.2157468376551686,76.90081008455181,817.6379743517248
2024-04-04,25.740479991851387,461.60772443426407,1.1847847897612984,70.12572201182945,8.201257220118295,4.493713899408528,71.61943591123797,775.9429150887208
2024-04-05,27.5010900939193,643.0638409863644,1.1847847897612984,65.98249182645148,8.159824918264516,4.700875408677426,67.68336723512891,744.8686886983861
2024-04-06,24.886272896882993,493.9088004250652,1.1847847897612984,69.76139052523328,8.197613905252332,4.511930473738336,71.27332099897161,773.2104289392496
2024-04-07,25.404914165483746,510.3784196960653,1.1847847897612984,69.95481131915514,8.199548113191552,4.502259434042243,71.45707075319739,774.6610848936635
2024-04-08,25.444718319947444,495.94108056856186,1.1847847897612984,66.39247402029875,8.163924740202987,4.680376298985062,68.07285031928382,747.9435551522406
2024-04-09,27.670756424221143,550.9045933078446,1.1847847897612984,63.44535487358142,8.134453548735815,4.827732256320928,65.27308712990236,725.8401615518608
2024-04-10,23.40323241382161,507.0356995042557,1.1847847897612984,64.0221890978215,8.140221890978214,4.798890545108925,65.82107964293041,730.1664182336613
2024-04-11,26.851933843504284,377.4346050075823,1.1847847897612984,75.3139097721086,8.253139097721085,4.23430451139457,76.54821428350317,814.8543232908145
2024-04-12,26.42968419973028,474.98246474639774,1.1847847897612984,70.30313248666926,8.203031324866693,4.484843375666538,71.78797586233578,777.2734936500194
2024-04-13,27.5944473095222,588.9806597090692,1.1847847897612984,82.43499687964038,8.324349968796405,3.878250156017981,83.31324703565836,868.2624765973028
2024-04-14,25.403706182862457,544.3582023437106,1.1847847897612984,73.17645079141784,8.231764507914178,4.341177460429108,74.51762825184694,798.8233809356337
2024-04-15,27.45506538171747,415.56786675170235,1.1847847897612984,83.22392279836737,8.332239227983674,3.838803860081631,84.062726658449,874.1794209877553
2024-04-16,28.20283122671227,597.2301257212597,1.1847847897612984,77.06087541669754,8.270608754166975,4.146956229165124,78.20783164586265,827.9565656252315
2024-04-17,28.69451334348687,381.23378478309104,1.1847847897612984,82.28561403481066,8.322856140348106,3.885719298259467,83.17133333307012,867.1421052610799
2024-04-18,27.25795222672804,660.0428022409949,1.1847847897612984,70.09784313320132,8.200978431332013,4.495107843339934,71.59295097654126,775.7338234990099
2024-04-19,26.310878059515538,467.5867159408451,1.1847847897612984,82.69467002975044,8.326946700297505,3.8652664985124776,83.55993652826292,870.2100252231282
2024-04-20,29.780007504281766,331.88072525244706,1.1847847897612984,93.10529714241314,8.431052971424132,3.344735142879343,93.45003228529248,948.2897285680986
2024-04-21,30.076327893890536,506.7158382293857,1.1847847897612984,72.8333579199767,8.228333579199766,4.358332104001165,74.19169002397787,796.2501843998252
2024-04-22,30.14319276426851,541.946515668118,1.1847847897612984,74.55740990251996,8.2455740990252,4.272129504874002,75.82953940739397,809.1805742688997
2024-04-23,28.526812651681368,443.3669819199905,1.1847847897612984,80.71573155522199,8.30715731555222,3.9642134222389007,81.67994497746089,855.367986664165
2024-04-24,27.905276673471903,517.5224170275822,1.1847847897612984,84.13979182407721,8.341397918240773,3.79301040879614,84.93280223287334,881.048438680579
2024-04-25,28.133803905062848,592.2497324892325,1.1847847897612984,72.79119572328503,8.22791195723285,4.360440213835749,74.15163593712077,795.9339679246377
2024-04-26,32.04961983316212,449.5931530661877,1.1847847897612984,92.30500725560445,8.423050072556045,3.3847496372197776,92.68975689282424,942.2875544170334
2024-04-27,31.43684758792693,478.97597924107635,1.1847847897612984,95.70108694028417,8.457010869402842,3.214945652985791,95.91603259326996,967.7581520521313
2024-04-28,28.71061918918058,637.0507715345483,1.1847847897612984,75.42428144719501,8.25424281447195,4.228785927640249,76.65306737483527,815.6821108539626
2024-04-29,31.59436427193293,358.1507192736956,1.1847847897612984,96.15380886736182,8.461538088673619,3.1923095566319084,96.34611842399373,971.1535665052137
2024-04-30,32.09453414730122,383.68027845397495,1.1847847897612984,83.42364065800561,8.334236406580056,3.82881796709972,84.25245862510532,875.677304935042
2024-05-01,30.792642209809987,402.75682562405063,1.1847847897612984,87.80699393770706,8.37806993937707,3.6096503031146465,88.41664424082171,908.552454532803
2024-05-02,30.994345813903845,352.7475566150759,1.1847847897612984,90.9578913740518,8.409578913740518,3.4521054312974098,91.40999680534921,932.1841853053885
2024-05-03,28.252093206612766,614.9333784600493,1.1847847897612984,80.94080441616761,8.309408044161676,3.9529597791916196,81.89376419535922,857.0560331212571
2024-05-04,32.695881727831285,576.1895192984375,1.1847847897612984,96.18664350479358,8.461866435047936,3.190667824760321,96.3773113295539,971.3998262859518
2024-05-05,29.52564345968616,411.1955886142997,1.1847847897612984,81.93373387668542,8.319337338766854,3.903313306165729,82.83704718285115,864.5030040751407
2024-05-06,32.6955370844303,488.3006418369475,1.1847847897612984,97.85610355870745,8.478561035587074,3.1071948220646277,97.96329838077207,983.9207766903058
2024-05-07,33.36621346093681,526.4478265113302,1.1847847897612984,91.62172703690294,8.41621727036903,3.4189136481548523,92.0406406850578,937.162952776772
2024-05-08,30.062308680387765,435.44504083550953,1.1847847897612984,86.64394284844786,8.366439428484478,3.667802857577607,87.31174570602548,899.8295713633589
2024-05-09,31.21067503051867,701.2754015618685,1.1847847897612984,85.5454532523281,8.35545453252328,3.7227273373835956,86.26818058971169,891.5908993924608
2024-05-10,29.726741812122256,485.5504028793111,1.1847847897612984,86.86358705365673,8.368635870536567,3.656820647317163,87.52040770097389,901.4769029024255
2024-05-11,33.90824055919548,391.82010910256514,1.1847847897612984,94.0978360940621,8.44097836094062,3.295108195296895,94.392944289359,955.7337707054658
2024-05-12,32.74276235298591,355.97259092616656,1.1847847897612984,89.37714590871352,8.393771459087136,3.531142704564324,89.90828861327785,920.3285943153514
2024-05-13,30.84583574801017,212.15971811321305,1.1847847897612984,79.60410605342595,8.29604106053426,4.019794697328702,80.62390075075466,847.0307954006946
2024-05-14,32.3646755237298,427.6260492984367,1.1847847897612984,92.13618167373785,8.42136181673738,3.3931909163131078,92.52937259005095,941.0213625530339
2024-05-15,31.761988055785764,654.5750503990378,1.1847847897612984,95.60332574936784,8.456033257493678,3.2198337125316083,95.82315946189945,967.0249431202589
2024-05-16,32.04863460606846,558.7832042759084,1.1847847897612984,90.93474049327644,8.409347404932765,3.4532629753361785,91.38800346861261,932.0105536995733
2024-05-17,32.06570522511935,459.3124634712059,1.1847847897612984,87.88312495587198,8.37883124955872,3.6058437522064004,88.48896870807839,909.1234371690399
2024-05-18,33.29531459234944,580.6747865870342,1.1847847897612984,95.64575939456192,8.456457593945618,3.217712030271904,95.86347142483383,967.3431954592145
2024-05-19,34.295294223263,573.7466222606567,1.1847847897612984,99.12768742546831,8.491276874254684,3.0436156287265845,99.1713030541949,993.4576556910124
2024-05-20,34.79417473344635,472.80535001587174,1.1847847897612984,99.89914546045641,8.498991454604564,3.0050427269771793,99.90418818743359,999.243590953423
2024-05-21,33.79365545212705,669.4521142812696,1.1847847897612984,89.26338995477695,8.39263389954777,3.536830502261153,89.80022045703811,919.4754246608271
2024-05-22,35.0,730.9492766488878,1.1847847897612984,100.0,8.5,3.0,100.0,1000.0
2024-05-23,32.852534797865076,375.846124777478,1.1847847897612984,85.30022213631081,8.353002221363107,3.7349888931844593,86.03521102949527,889.751666022331
2024-05-24,34.12158597099322,399.2961778222706,1.1847847897612984,95.02367168663014,8.450236716866302,3.248816415668493,95.27248810229864,962.6775376497261
2024-05-25,33.52369341623587,543.7258833589258,1.1847847897612984,100.0,8.5,3.0,100.0,1000.0
2024-05-26,31.43528344051628,457.51050163190354,1.1847847897612984,86.35656091623048,8.363565609162304,3.682171954188476,87.03873287041895,897.6742068717285
2024-05-27,32.4757346976491,479.9961965638507,1.1847847897612984,89.52269865749444,8.395226986574944,3.5238650671252776,90.04656372461973,921.4202399312084
2024-05-28,32.09876653713818,553.4152282517185,1.1847847897612984,86.61491235920874,8.366149123592088,3.669254382039563,87.2841667412483,899.6118426940656
2024-05-29,32.71028454430569,499.28050581340676,1.1847847897612984,91.66422046922379,8.416642204692238,3.41678897653881,92.0810094457626,937.4816535191784
2024-05-30,33.20557867354312,478.46876804111287,1.1847847897612984,91.7971999931174,8.417971999931174,3.4101400003441293,92.20733999346153,938.4789999483805
2024-05-31,34.363487821519925,445.02207876898734,1.1847847897612984,96.0043114035229,8.46004311403523,3.199784429823855,96.20409583334676,970.0323355264218
2024-06-01,31.617097702152265,554.6815265980937,1.1847847897612984,86.73133241034436,8.367313324103444,3.6634333794827816,87.39476578982715,900.4849930775828
2024-06-02,32.423251570989954,697.0857723130612,1.1847847897612984,88.635913270741,8.38635913270741,3.5682043364629505,89.20411760720394,914.7693495305575
2024-06-03,33.34235343073092,661.5329367975144,1.1847847897612984,93.16124315561319,8.431612431556132,3.34193784221934,93.50318099783253,948.7093236670989
2024-06-04,32.825032736248545,433.7129618408565,1.1847847897612984,90.43336808754455,8.404333680875446,3.4783315956227723,90.91169968316733,928.2502606565841
2024-06-05,33.21551817096846,404.86837080813825,1.1847847897612984,94.45377576246493,8.44453775762465,3.2773112118767536,94.73108697434168,958.403318218487
2024-06-06,33.29800934085725,194.91311575974765,1.1847847897612984,100.0,8.5,3.0,100.0,1000.0
2024-06-07,32.98463858609575,563.2465413893767,1.1847847897612984,89.60750411665876,8.396075041166588,3.5196247941670613,90.12712891082583,922.0562808749407
2024-06-08,35.0,461.58935982238165,1.1847847897612984,96.63782472211113,8.466378247221112,3.168108763894443,96.80593348600557,974.7836854158335
2024-06-09,33.23303273647992,633.244182838621,1.1847847897612984,96.19409636013046,8.461940963601304,3.190295181993477,96.38439154212394,971.4557227009784
2024-06-10,34.49796281049492,531.9195753890881,1.1847847897612984,92.68989895680227,8.426898989568024,3.365505052159887,93.05540400896216,945.174242176017
2024-06-11,35.0,534.0719747727762,1.1847847897612984,100.0,8.5,3.0,100.0,1000.0
2024-06-12,35.0,552.240634556708,1.1847847897612984,98.67641528656497,8.48676415286565,3.0661792356717514,98.74259452223673,990.0731146492374
2024-06-13,34.587784318667445,390.910100422087,1.1847847897612984,98.46153796467316,8.484615379646732,3.0769231017663428,98.5384610664395,988.4615347350486
2024-06-14,33.43389270691198,647.4635693378434,1.1847847897612984,91.19532029158907,8.41195320291589,3.440233985420547,91.63555427700962,933.964902186918
2024-06-15,32.38679815323546,490.05479858834923,1.1847847897612984,91.04766224443227,8.410476622444323,3.447616887778387,91.49527913221065,932.857466833242
2024-06-16,33.8224676097097,437.25491687545986,1.1847847897612984,99.95190935484,8.4995190935484,3.0024045322579997,99.954313887098,999.6393201613
2024-06-17,35.0,610.922136610438,1.1847847897612984,100.0,8.5,3.0,100.0,1000.0
2024-06-18,35.0,496.86798064690237,1.1847847897612984,95.87031096402572,8.458703109640258,3.2064844517987137,96.07679541582444,969.0273322301929
2024-06-19,33.843221012612716,584.9948522652468,1.1847847897612984,97.64729532770332,8.476472953277034,3.117635233614834,97.76493056131815,982.354714957775
2024-06-20,31.516948678129264,470.77721137311715,1.1847847897612984,94.19111083865457,8.441911108386545,3.290444458067272,94.48155529672184,956.4333312899092
2024-06-21,33.97781003267794,483.9040471099977,1.1847847897612984,92.05589491525363,8.420558949152536,3.397205254237319,92.45310016949095,940.4192118644022
2024-06-22,34.92006315714372,848.7960302103643,1.1847847897612984,92.91256907057932,8.429125690705794,3.354371546471034,93.26694061705035,946.8442680293449
2024-06-23,31.855936683590723,972.2220802659831,1.1847847897612984,81.61409974480361,8.316140997448036,3.919295012759819,82.53339475756343,862.1057480860271
2024-06-24,33.457411657355806,1263.911504189791,1.1847847897612984,93.03922505297395,8.430392250529739,3.3480387473513025,93.38726380032526,947.7941878973046
2024-06-25,35.0,1276.1608057972553,1.1847847897612984,92.97490537418238,8.429749053741824,3.351254731290881,93.32616010547326,947.3117903063678
2024-06-26,35.0,1386.1728776885006,1.1847847897612984,90.86117606757901,8.40861176067579,3.4569411966210497,91.31811726420005,931.4588205068426
2024-06-27,35.0,1299.3083478660305,1.1847847897612984,95.22098192540977,8.452209819254097,3.2389509037295117,95.45993282913929,964.1573644405734
2024-06-28,32.56783299529201,1769.8343291362667,27.363712275984156,82.17584193463733,8.321758419346374,3.8912079032681337,83.06704983790546,866.3188145097799
2024-06-29,33.8556597856588,1624.6761068377605,27.363712275984156,88.27102809924509,8.38271028099245,3.586448595037746,88.85747669428284,912.0327107443381
2024-06-30,35.0,1889.8293108598532,27.363712275984156,93.27255938531155,8.432725593853116,3.336372030734423,93.60893141604598,949.5441953898367
2024-07-01,34.612113352796484,1833.0113778962407,27.363712275984156,78.79070982298386,8.287907098229839,4.0604645088508065,79.85117433183467,840.930323672379
2024-07-02,34.625427546259175,2134.9136010268758,27.363712275984156,74.18676462126,8.2418676462126,4.290661768937,75.477426390197,806.40073465945
2024-07-03,35.0,2448.6536311243594,27.363712275984156,73.72013705838647,8.237201370583865,4.3139931470806765,75.03413020546715,802.9010279378986
2024-07-04,30.8812716021396,2261.270340008643,27.363712275984156,71.48048394460749,8.214804839446074,4.425975802769626,72.90645974737711,786.1036295845562
2024-07-05,34.85445717151356,2352.4425868714006,27.363712275984156,72.33060006331047,8.223306000633105,4.383469996834476,73.71407006014495,792.4795004748286
2024-07-06,32.26569162115974,2638.4665644883125,27.363712275984156,67.86129178086664,8.178612917808666,4.606935410956668,69.4682271918233,758.9596883564998
2024-07-07,32.81413771854537,2840.2606399238152,27.363712275984156,74.32943890415328,8.243294389041532,4.2835280547923364,75.61296695894562,807.4707917811496
2024-07-08,35.0,2824.8103015468782,27.363712275984156,72.10402606027073,8.221040260602708,4.394798696986463,73.4988247572572,790.7801954520305
2024-07-09,35.0,2849.5735289847235,27.363712275984156,67.41887811994742,8.174188781199474,4.629056094002629,69.04793421395006,755.6415858996056
2024-07-10,34.10301364135149,2886.2074556204248,27.363712275984156,68.05905006432522,8.180590500643252,4.597047496783739,69.65609756110896,760.4428754824391
2024-07-11,34.39309858287129,3355.941307049001,27.363712275984156,70.8271630423397,8.208271630423397,4.458641847883015,72.28580489022272,781.2037228175477
2024-07-12,33.78411146664449,3123.917044651081,27.363712275984156,63.70436031443578,8.137043603144358,4.814781984278211,65.519142298714,727.7827023582684
2024-07-13,35.0,3494.7526353356957,27.363712275984156,60.31881316034081,8.103188131603408,4.9840593419829595,62.30287250232377,702.3910987025561
2024-07-14,33.03042935485991,3468.0005164870527,27.363712275984156,66.33174532399453,8.163317453239944,4.683412733800274,68.01515805779479,747.488089929959
2024-07-15,35.0,3563.2521134741296,27.363712275984156,70.42097503000228,8.204209750300024,4.478951248499886,71.89992627850218,778.1573127250172
2024-07-16,35.0,3627.1858298322636,27.363712275984156,63.72835992579386,8.13728359925794,4.813582003710307,65.54194192950416,727.962699443454
2024-07-17,34.227306704526924,3756.527485475927,27.363712275984156,64.17733748443209,8.141773374844322,4.791133125778396,65.96847061021049,731.3300311332407
2024-07-18,33.11725872314084,3959.6472478099686,27.363712275984156,63.118785225717644,8.131187852257176,4.844060738714118,64.96284596443176,723.3908891928824
2024-07-19,33.997952406996184,4002.433583741782,27.363712275984156,55.08056195534597,8.05080561955346,5.245971902232702,57.326533857578674,663.1042146650948
2024-07-20,34.2990876741724,4071.7238390697953,27.363712275984156,61.82348872289131,8.118234887228914,4.908825563855434,63.73231428674675,713.6761654216848
2024-07-21,35.0,4158.020499802792,27.363712275984156,54.70053295999479,8.047005329599948,5.264973352000261,56.96550631199504,660.2539971999608
2024-07-22,33.28922977983477,4432.674792702935,27.363712275984156,46.92846345113929,7.969284634511393,5.653576827443036,49.58204027858232,601.9634758835446
2024-07-23,35.0,4255.419432690362,27.363712275984156,59.580802782221944,8.095808027822219,5.020959860888903,61.601762643110845,696.8560208666645
2024-07-24,35.0,4424.956710941851,27.363712275984156,47.30723098822945,7.973072309882294,5.634638450588527,49.941869438817974,604.8042324117209
2024-07-25,33.604835765606005,4408.608330763948,27.363712275984156,56.26789309455644,8.062678930945564,5.186605345272178,58.45449843982862,672.0091982091733
2024-07-26,34.11994655912403,4646.7286616374395,27.363712275984156,57.55912822733948,8.075591282273395,5.1220435886330264,59.6811718159725,681.693461705046
2024-07-27,35.0,4622.991601519945,27.363712275984156,56.47638305471247,8.064763830547125,5.176180847264376,58.652563901976855,673.5728729103436
2024-07-28,35.0,4620.500746352297,27.363712275984156,52.29444372060664,8.022944437206066,5.385277813969669,54.6797215345763,642.2083279045497
2024-07-29,32.84054970557753,4697.987341526708,27.363712275984156,47.60541599329974,7.976054159932997,5.619729200335013,50.22514519363475,607.040619949748
2024-07-30,32.52281820135072,4809.332584106067,27.363712275984156,56.03432642529421,8.060343264252943,5.198283678735289,58.232610104029504,670.2574481897066
2024-07-31,33.35742244301202,4779.680402891818,27.363712275984156,39.95684440264541,7.899568444026454,6.00215777986773,42.95900218251314,549.6763330198405
2024-08-01,33.33205726776688,4905.300638115614,27.363712275984156,50.140189250244376,8.001401892502443,5.492990537487781,52.63317978773215,626.0514193768328
2024-08-02,32.22763601243444,4843.823850391454,27.363712275984156,46.14506737689977,7.961450673768998,5.6927466311550114,48.83781400805478,596.0880053267483
2024-08-03,35.0,4823.181488473612,27.363712275984156,62.50537307586534,8.125053730758653,4.874731346206733,64.38010442207208,718.7902980689901
2024-08-04,30.25446069810563,4992.726020808864,27.363712275984156,45.154915621403205,7.951549156214032,5.74225421892984,47.89716984033305,588.661867160524
2024-08-05,32.86774490513695,4993.448283527164,27.363712275984156,45.10207235522852,7.951020723552285,5.744896382238574,47.846968737467094,588.2655426642139
2024-08-06,31.023607945877124,4868.948221555312,27.363712275984156,51.51933633795833,8.015193363379584,5.424033183102083,53.94336952106042,636.3950225346875
2024-08-07,33.090385405196415,4917.073843827194,27.363712275984156,43.35658852554066,7.9335658852554065,5.832170573722967,46.18875909926362,575.1744139415549
2024-08-08,34.556998892224094,4900.098356929138,27.363712275984156,49.655369160836116,7.996553691608361,5.5172315419581945,52.17260070279431,622.4152687062708
2024-08-09,34.36806852571383,5088.472263409818,27.363712275984156,51.312088681584086,8.013120886815841,5.434395565920795,53.74648424750489,634.8406651118808
2024-08-10,35.0,4999.039802611938,27.363712275984156,41.145316087909634,7.911453160879097,5.942734195604518,44.08805028351415,558.5898706593223
2024-08-11,35.0,4923.699175340562,27.363712275984156,47.24231528126048,7.972423152812604,5.637884235936976,49.88019951719746,604.3173646094536
2024-08-12,29.18910925629594,4949.606908572507,27.363712275984156,35.87796455274476,7.858779645527448,6.2061017723627625,39.08406632510752,519.0847341455857
2024-08-13,33.52489786620985,4830.305798482985,27.363712275984156,57.42658319655504,8.074265831965551,5.128670840172248,59.5552540367273,680.6993739741629
2024-08-14,33.4272766331211,5092.9928305695485,27.363712275984156,51.741720442379915,8.017417204423799,5.412913977881004,54.15463442026092,638.0629033178493
2024-08-15,29.702112738871513,4825.7900590173995,27.363712275984156,33.94625266183159,7.839462526618316,6.302687366908421,37.248940028740016,504.596894963737
2024-08-16,33.64634219152196,4873.1850126714335,27.363712275984156,51.10060109539763,8.011006010953976,5.444969945230119,53.54557104062774,633.2545082154822
2024-08-17,31.242161504205942,4770.433217469757,27.363712275984156,47.74625280904615,7.977462528090461,5.612687359547692,50.35894016859384,608.096896067846
2024-08-18,33.6365828829296,4826.197303965565,27.363712275984156,50.19620240712803,8.00196202407128,5.490189879643598,52.68639228677163,626.4715180534602
2024-08-19,28.912528140414384,4677.772597581113,27.363712275984156,44.69931811614384,7.946993181161439,5.765034094192808,47.46435221033665,585.2448858710788
2024-08-20,30.931753086558317,4638.2841637247975,27.363712275984156,46.08673603971539,7.960867360397154,5.6956631980142305,48.78239923772962,595.6505202978655
2024-08-21,32.1686769264522,4756.501627744755,27.363712275984156,44.01014496031819,7.940101449603182,5.79949275198409,46.80963771230228,580.0760872023864
2024-08-22,31.75460355532131,4598.90583314433,27.363712275984156,49.89435133558304,7.99894351335583,5.505282433220849,52.39963376880389,624.2076350168727
2024-08-23,31.294693813754428,4660.191650488634,27.363712275984156,46.110704551424355,7.961107045514243,5.694464772428782,48.805169323853136,595.8302841356826
2024-08-24,29.547159917750605,4698.272489113313,27.363712275984156,39.40288926914041,7.894028892691404,6.029855536542979,42.43274480568339,545.5216695185532
2024-08-25,32.29083182109644,4601.779313117816,27.363712275984156,46.394976127659724,7.963949761276597,5.680251193617014,49.07522732127674,597.9623209574479
2024-08-26,31.874170727616622,4496.545141846052,27.363712275984156,45.634323037023975,7.95634323037024,5.7182838481488005,48.352606885172776,592.2574227776798
2024-08-27,30.58277826749438,4303.912052810109,27.363712275984156,45.61638653428055,7.9561638653428055,5.7191806732859725,48.33556720756653,592.1228990071041
2024-08-28,28.358551687809776,4397.515639965816,27.363712275984156,38.22467757769465,7.882246775776946,6.088766121115268,41.31344369880992,536.6850818327098
2024-08-29,30.624422743101576,4316.302776893079,27.363712275984156,38.931085762929364,7.889310857629294,6.053445711853532,41.9845314747829,541.9831432219703
2024-08-30,30.197783544435282,4175.9904247767345,27.363712275984156,46.73216849526781,7.967321684952678,5.663391575236609,49.395560070504416,600.4912637145085
2024-08-31,29.549602111440084,4107.36602997008,27.363712275984156,42.77383310775102,7.92773833107751,5.861308344612449,45.63514145236347,570.8037483081326
2024-09-01,30.701529332735,4031.2470945983237,27.363712275984156,53.39804167303146,8.033980416730314,5.330097916348427,55.728139589379886,650.4853125477359
2024-09-02,30.90607198835834,3675.639093422533,27.363712275984156,52.731918051766094,8.027319180517662,5.363404097411696,55.09532214917779,645.4893853882456
2024-09-03,30.135512563551767,3789.2057575897147,27.363712275984156,54.126150288014216,8.041261502880142,5.293692485599289,56.41984277361351,655.9461271601067
2024-09-04,29.278625530117,3902.2499483909683,27.363712275984156,52.78255207692212,8.027825520769222,5.360872396153894,55.14342447307601,645.8691405769159
2024-09-05,28.78909915015913,3520.2451884847114,27.363712275984156,55.61230727365999,8.0561230727366,5.219384636317001,57.83169190997699,667.0923045524498
2024-09-06,28.978122070645988,3539.8380407955074,27.363712275984156,48.37816139132938,7.983781613913294,5.581091930433531,50.95925332176291,612.8362104349703
2024-09-07,29.012923070368743,3627.458107701731,27.363712275984156,48.93522273674753,7.989352227367475,5.553238863162624,51.488461599910146,617.0141705256065
2024-09-08,29.882417892654082,3280.480236181681,27.363712275984156,55.5341359999341,8.05534135999934,5.223293200003296,57.75742919993739,666.5060199995057
2024-09-09,27.975319491452336,3244.1607105165913,27.363712275984156,50.463050129951505,8.004630501299514,5.476847493502425,52.93989762345393,628.4728759746363
2024-09-10,29.384522548915495,3180.172013159815,27.363712275984156,59.9412393252796,8.099412393252797,5.0029380337360205,61.94417735901561,699.559294939597
2024-09-11,29.399145138892276,3029.4592484766167,27.363712275984156,62.559979183369634,8.125599791833697,4.872001040831519,64.43198022420114,719.1998438752722
2024-09-12,29.240991725721766,2768.88630251928,27.363712275984156,69.60496874862602,8.19604968748626,4.519751562568699,71.12472031119472,772.0372656146951
2024-09-13,29.02021219312334,2692.0976685188916,27.363712275984156,55.36357730076412,8.053635773007642,5.231821134961794,57.59539843572592,665.2268297557309
2024-09-14,27.281276755584475,2518.9604876724948,27.363712275984156,56.91956227499883,8.069195622749989,5.154021886250058,59.073584161248895,676.8967170624912
2024-09-15,28.433423665703753,2554.109749647762,27.363712275984156,58.67551374849616,8.086755137484962,5.0662243125751925,60.741738061071345,690.0663531137211
2024-09-16,27.91959410913325,2171.637764825476,27.363712275984156,60.080814585470165,8.100808145854701,4.995959270726492,62.07677385619666,700.6061093910262
2024-09-17,27.452594198492044,2143.807441812718,27.363712275984156,70.17114649332761,8.201711464933275,4.491442675333619,71.66258916866123,776.2835986999571
2024-09-18,28.47419283756992,2055.3294880963203,27.363712275984156,66.23537681740802,8.16235376817408,4.688231159129598,67.92360797653762,746.7653261305602
2024-09-19,26.448602542063295,2039.4678399565526,27.363712275984156,57.25731774840055,8.072573177484006,5.1371341125799725,59.394451860980524,679.429883113004
2024-09-20,27.80312429931343,1874.6579542250408,27.363712275984156,57.046892504099795,8.070468925040998,5.14765537479501,59.19454787889481,677.8516937807485
2024-09-21,25.816907376280525,1810.1860388176158,27.363712275984156,61.32450878175443,8.113245087817544,4.933774560912278,63.25828334266671,709.9338158631582
2024-09-22,26.6917310233564,1573.9419448340905,27.363712275984156,62.19522338358315,8.121952233835831,4.890238830820843,64.08546221440398,716.4641753768735
2024-09-23,27.277679939336934,1601.4378148314966,1.1847847897612984,62.06360149770002,8.120636014977,4.896819925114999,63.96042142281502,715.4770112327501
2024-09-24,24.761471030790922,1369.1694879477034,1.1847847897612984,64.2418767390719,8.14241876739072,4.787906163046404,66.02978290211831,731.8140755430393
2024-09-25,27.76836800765953,1236.830933032257,1.1847847897612984,70.60870714006818,8.206087071400681,4.469564642996591,72.07827178306476,779.5653035505113
2024-09-26,25.559165179513183,976.875970706291,1.1847847897612984,79.349745548208,8.29349745548208,4.032512722589599,80.3822582707976,845.1230916115601
2024-09-27,26.192927270469237,963.4367964657093,1.1847847897612984,74.23727452413591,8.24237274524136,4.288136273793205,75.52541079792911,806.7795589310193
2024-09-28,25.604619987704904,758.7793675701425,1.1847847897612984,62.466546909291814,8.124665469092918,4.87667265453541,64.34321956382722,718.4991018196886
2024-09-29,26.042770643850254,442.29303977012273,1.1847847897612984,60.26443006108992,8.1026443006109,4.9867784969455045,62.251208558035415,701.9832254581743
2024-09-30,24.644428569766788,487.16128299922013,1.1847847897612984,63.25044585344923,8.132504458534493,4.837477707327539,65.08792356077677,724.3783439008693
2024-10-01,24.59614784164635,526.0401511919636,1.1847847897612984,74.2552129163846,8.242552129163846,4.2872393541807705,75.54245227056536,806.9140968728844
2024-10-02,26.360396443452846,404.4588919946552,1.1847847897612984,73.43306423390429,8.234330642339042,4.328346788304786,74.76141102220907,800.7479817542821
2024-10-03,23.953766825329886,561.2441966046991,1.1847847897612984,67.11734262470328,8.171173426247034,4.644132868764836,68.76147549346811,753.3800696852745
2024-10-04,21.165466145832987,419.3016065241601,1.1847847897612984,65.03622779408506,8.15036227794085,4.748188610295747,66.7844164043808,737.771708455638
2024-10-05,27.06237926696452,537.4463946683541,1.1847847897612984,79.60303720979442,8.296030372097944,4.0198481395102785,80.62288534930471,847.0227790734582
2024-10-06,24.23092828216377,570.8254889729151,1.1847847897612984,67.30200367797097,8.17302003677971,4.634899816101452,68.93690349407242,754.7650275847823
2024-10-07,24.504413650561684,425.7980363839858,1.1847847897612984,73.39649444274633,8.233964944427463,4.330175277862684,74.72666972060901,800.4737083205974
2024-10-08,23.800307930397466,578.1132588317214,1.1847847897612984,67.1650453839637,8.171650453839638,4.641747730801814,68.80679311476553,753.7378403797278
2024-10-09,23.775585921686215,526.7575212824033,1.1847847897612984,59.59571001839052,8.095957100183906,5.020214499080474,61.615924517471,696.9678251379289
2024-10-10,24.177320176003143,392.72438405039213,1.1847847897612984,71.40029937182203,8.21400299371822,4.429985031408899,72.83028440323093,785.5022452886652
2024-10-11,22.435956590946528,560.5836330326778,1.1847847897612984,58.89506272588249,8.088950627258825,5.055246863705875,60.950309589588365,691.7129704441186
2024-10-12,24.356678362461516,465.8548112515017,1.1847847897612984,59.2586304715103,8.092586304715104,5.037068476424485,61.29569894793478,694.4397285363273
2024-10-13,24.009445204362912,455.99531276852395,1.1847847897612984,70.17760959741683,8.201776095974168,4.491119520129159,71.668729117546,776.3320719806262
2024-10-14,23.487549216604723,475.95658522647847,1.1847847897612984,67.84399988412154,8.178439998841215,4.607800005793923,69.45179988991546,758.8299991309116
2024-10-15,23.119541983052873,440.97762525394086,1.1847847897612984,79.533821725069,8.29533821725069,4.0233089137465505,80.55713063881555,846.5036629380174
2024-10-16,20.036667951525477,486.2508518190559,1.1847847897612984,57.73917477468761,8.077391747746876,5.11304126126562,59.85221603595323,683.0438108101571
2024-10-17,20.370960498513057,470.7463710757967,1.1847847897612984,62.60573680482916,8.126057368048292,4.8697131597585415,64.47544996458771,719.5430260362186
2024-10-18,23.851184475504578,433.75973262027486,1.1847847897612984,72.60822727707176,8.226082272770718,4.369588636146412,73.97781591321817,794.5617045780382
2024-10-19,19.765234025978444,592.3626055673311,1.1847847897612984,52.975273140970565,8.029752731409706,5.351236342951472,55.32650948392204,647.3145485572793
2024-10-20,22.875915784374854,342.82515106332926,1.1847847897612984,67.7866601869688,8.177866601869688,4.610666990651559,69.39732717762037,758.399951402266
2024-10-21,21.85715065489635,412.63434345028844,1.1847847897612984,70.69674831111823,8.206967483111182,4.465162584444089,72.16191089556231,780.2256123333867
2024-10-22,21.18217146695062,602.3432108278573,1.1847847897612984,59.08969135103617,8.090896913510361,5.045515432448191,61.13520678348437,693.1726851327713
2024-10-23,19.9233045077354,662.9702722864603,1.1847847897612984,58.19337495599494,8.08193374955995,5.090331252200253,60.28370620819519,686.450312169962
2024-10-24,19.869669983881618,575.0661526172075,1.1847847897612984,50.566340217690275,8.005663402176904,5.471682989115486,53.03802320680576,629.2475516326771
2024-10-25,25.3677466042658,483.85313760673137,1.1847847897612984,84.00363650556667,8.340036365055667,3.7998181747216666,84.80345468028834,880.0272737917501
2024-10-26,20.707284812221236,506.0988448212608,1.1847847897612984,61.62947875374452,8.116294787537445,4.918526062312774,63.5480048160573,712.2210906530839
2024-10-27,21.465380389336943,316.4841418672621,1.1847847897612984,70.027676924019,8.20027676924019,4.49861615379905,71.52629307781805,775.2075769301425
2024-10-28,22.76003622555296,508.24289628753996,1.1847847897612984,63.44431759700709,8.134443175970071,4.827784120149645,65.27210171715674,725.8323819775533
2024-10-29,20.124917472379977,587.2160378240171,1.1847847897612984,57.01113239663677,8.070111323966367,5.149443380168162,59.160575776804926,677.5834929747757
2024-10-30,19.419226678806417,565.8461419104729,1.1847847897612984,58.880832327451614,8.088808323274517,5.055958383627419,60.936790711079034,691.6062424558871
2024-10-31,20.878369160434634,355.11472371531966,1.1847847897612984,61.49810655068643,8.114981065506864,4.925094672465679,63.423201223152105,711.2357991301483
2024-11-01,17.506040968040356,456.42543671226986,1.1847847897612984,49.03952459305542,7.9903952459305545,5.548023770347229,51.58754836340265,617.7964344479155
2024-11-02,19.46658105329823,414.957997387607,1.1847847897612984,59.80232624200722,8.098023262420073,5.009883687899639,61.81220992990686,698.5174468150542
2024-11-03,19.67811189940249,441.6845705222773,1.1847847897612984,59.9516719599593,8.099516719599594,5.002416402002035,61.95408836196133,699.6375396996948
2024-11-04,20.26806164320703,516.922022523013,1.1847847897612984,62.77576712455791,8.127757671245579,4.861211643772105,64.63697876833001,720.8182534341843
2024-11-05,18.517239496939013,593.1769418366835,1.1847847897612984,47.911387510152224,7.979113875101522,5.604430624492389,50.51581813464461,609.3354063261418
2024-11-06,18.695777728282376,740.0851538691998,1.1847847897612984,47.16135442932213,7.971613544293222,5.6419322785338935,49.803286707856024,603.710158219916
2024-11-07,22.141558170609038,558.3559322547596,1.1847847897612984,56.09514871278614,8.060951487127861,5.195242564360694,58.29039127714683,670.713615345896
2024-11-08,16.135579731816918,385.9063681739081,1.1847847897612984,44.55769074270959,7.945576907427096,5.77211546286452,47.32980620557411,584.182680570322
2024-11-09,17.51450306607623,495.9775137726431,1.1847847897612984,49.86735325642956,7.998673532564296,5.506632337178522,52.37398559360808,624.0051494232216
2024-11-10,20.604964952430848,508.7066258097396,1.1847847897612984,60.03608159068145,8.100360815906814,4.998195920465928,62.03427751114737,700.2706119301108
2024-11-11,18.265921552562943,419.21967284491257,1.1847847897612984,61.65968274335239,8.116596827433524,4.917015862832381,63.57669860618478,712.447620575143
2024-11-12,19.821881683501534,476.2680961428292,1.1847847897612984,53.579320048775195,8.035793200487753,5.321033997561241,55.90035404633643,651.8449003658139
2024-11-13,17.467643734821337,580.6608345792422,1.1847847897612984,40.674027364232956,7.906740273642329,5.966298631788352,43.64032599602131,555.0552052317471
2024-11-14,16.00120498494257,552.2621423413752,1.1847847897612984,51.82993571356012,8.018299357135602,5.408503214321994,54.23843892788211,638.7245178517009
2024-11-15,18.18678972928812,417.32881440505423,1.1847847897612984,59.362391057413085,8.09362391057413,5.031880447129346,61.39427150454243,695.2179329305982
2024-11-16,18.813020883760007,520.4849604946783,1.1847847897612984,61.93005231436,8.1193005231436,4.903497384282,63.833549698641995,714.4753923577
2024-11-17,15.575522848896126,303.83632108102637,1.1847847897612984,48.72020445981703,7.98720204459817,5.563989777009148,51.28419423682618,615.4015334486278
2024-11-18,15.0,582.2503305771523,1.1847847897612984,35.0156566968117,7.850156566968117,6.249217165159415,38.26487386197112,512.6174252260878
2024-11-19,16.404489933553588,576.5111904677326,1.1847847897612984,56.25162873567037,8.062516287356704,5.187418563216481,58.43904729888686,671.8872155175279
2024-11-20,18.336447066807054,386.76650850583854,1.1847847897612984,62.99319659262246,8.129931965926225,4.850340170368877,64.84353676299133,722.4489744446685
2024-11-21,18.30609075216853,453.01998767833754,1.1847847897612984,51.50804863449255,8.015080486344926,5.424597568275372,53.93264620276793,636.3103647586942
2024-11-22,18.22673394182248,585.3618227140352,1.1847847897612984,60.721472473281,8.10721472473281,4.96392637633595,62.68539884961695,705.4110435496075
2024-11-23,16.576245698479802,286.13943248904224,1.1847847897612984,47.67464545302691,7.976746454530269,5.616267727348655,50.29091318037556,607.5598408977019
2024-11-24,16.67064197412245,719.7078585574686,1.1847847897612984,48.317146185586466,7.983171461855864,5.584142690720677,50.90128887630714,612.3785963918986
2024-11-25,17.444832984405124,372.45268900674904,1.1847847897612984,54.855669961204214,8.048556699612043,5.257216501939789,57.112886463144,661.4175247090316
2024-11-26,18.488004711087015,551.0586604055192,1.1847847897612984,52.22693942117927,8.022269394211794,5.388653028941037,54.6155924501203,641.7020456588446
2024-11-27,16.580619201813043,575.6826904931762,1.1847847897612984,51.70944859291686,8.017094485929169,5.414527570354156,54.12397616327102,637.8208644468764
2024-11-28,15.651068334145583,542.9972839876307,1.1847847897612984,53.53659464646013,8.035365946464601,5.323170267676993,55.85976491413713,651.524459848451
2024-11-29,15.39282771306333,561.2940459629921,1.1847847897612984,49.25240560754541,7.992524056075454,5.537379719622729,51.78978532716814,619.3930420565906
2024-11-30,16.246953306094564,678.0672978090735,1.1847847897612984,41.20686015957446,7.912068601595744,5.939656992021277,44.14651715159574,559.0514511968084
2024-12-01,15.815842124919854,559.0750599317755,1.1847847897612984,47.0754792398371,7.970754792398371,5.646226038008145,49.721705277845246,603.0660942987784
2024-12-02,17.816241462057203,518.9357963687789,1.1847847897612984,56.78822390233791,8.06788223902338,5.160588804883105,58.948812707221016,675.9116792675343
2024-12-03,15.845178042643397,486.30402550281826,1.1847847897612984,52.42658213821762,8.024265821382176,5.378670893089119,54.805253031306734,643.1993660366321
2024-12-04,15.0,592.412999320025,1.1847847897612984,54.829299206873564,8.048292992068735,5.258535039656322,57.08783424652988,661.2197440515517
2024-12-05,17.078285038338333,446.87564812670325,1.1847847897612984,44.559120787293075,7.945591207872931,5.7720439606353455,47.331164747928426,584.193405904698
2024-12-06,15.621699212280504,422.5325755776514,1.1847847897612984,52.97588171146168,8.029758817114617,5.351205914426916,55.327087625888595,647.3191128359626
2024-12-07,17.33204520552352,367.722057358244,1.1847847897612984,63.74608337779339,8.137460833777935,4.8126958311103305,65.55877920890373,728.0956253334505
2024-12-08,15.339101788857528,277.20980312452946,1.1847847897612984,51.15920848381058,8.011592084838107,5.442039575809471,53.601248059620055,633.6940636285793
2024-12-09,15.80666946475847,433.8205285513299,1.1847847897612984,43.813884198762295,7.938138841987623,5.809305790061885,46.62318998882418,578.6041314907172
2024-12-10,15.375929866358877,453.1930467850847,1.1847847897612984,57.22359275205477,8.072235927520548,5.1388203623972615,59.36241311445204,679.1769456404108
2024-12-11,16.450078994210752,742.0541572412225,1.1847847897612984,50.915685340243826,8.009156853402438,5.454215732987809,53.36990107323163,631.8676400518286
2024-12-12,17.09242848718225,428.08206015669185,1.1847847897612984,51.30900644959141,8.013090064495914,5.43454967752043,53.74355612711184,634.8175483719356
2024-12-13,17.188463556677476,410.1773430864988,1.1847847897612984,59.87303692785557,8.098730369278556,5.006348153607221,61.87938508146279,699.0477769589168
2024-12-14,15.268442369930362,452.59368876403806,1.1847847897612984,45.3808187642011,7.953808187642011,5.730959061789945,48.11177782599105,590.3561407315083
2024-12-15,15.582080842323307,522.9179726448274,1.1847847897612984,41.32236154435667,7.913223615443567,5.933881922782167,44.25624346713883,559.917711582675
2024-12-16,15.0,328.438126750001,1.1847847897612984,56.273373578235116,8.062733735782352,5.186331321088244,58.45970489932336,672.0503018367634
2024-12-17,15.0,439.9722201881438,1.1847847897612984,49.61036365819904,7.99610363658199,5.519481817090048,52.12984547528909,622.0777274364928
2024-12-18,15.359507131587343,383.4752027209739,1.1847847897612984,52.38626632434042,8.023862663243404,5.380686683782979,54.766953008123394,642.8969974325531
2024-12-19,15.975810455077315,682.9693246512466,1.1847847897612984,43.92478410335011,7.9392478410335015,5.8037607948324945,46.728544898182605,579.4358807751258
2024-12-20,16.451248533251814,477.9870801409898,1.1847847897612984,47.23584211931868,7.972358421193187,5.638207894034066,49.87405001335275,604.2688158948902
2024-12-21,16.058583776338864,583.1316181541764,1.1847847897612984,52.759170785539645,8.027591707855397,5.362041460723018,55.121212246262665,645.6937808915472
2024-12-22,15.0,536.1474603455406,1.1847847897612984,37.324865777221234,7.873248657772212,6.133756711138938,40.45862248836017,529.9364933291592
2024-12-23,16.09973420341529,530.6290199416503,1.1847847897612984,44.15428545730454,7.941542854573045,5.792285727134773,46.94657118443931,581.157140929784
2024-12-24,15.763984380028102,649.2480896301398,1.1847847897612984,48.69977543133282,7.986997754313328,5.5650112284333595,51.26478665976617,615.2483157349961
2024-12-25,15.0,366.3312610638869,1.1847847897612984,50.495606949856466,8.004956069498565,5.475219652507176,52.970826602363644,628.7170521239235
2024-12-26,17.296509365292977,441.19791574438807,1.1847847897612984,51.91073574472273,8.019107357447227,5.404463212763863,54.31519895748659,639.3305180854204
2024-12-27,15.258080806652474,640.4351040961526,1.1847847897612984,52.004521955748906,8.020045219557488,5.399773902212555,54.40429585796146,640.0339146681167
2024-12-28,16.388808419872618,554.9982527369109,1.1847847897612984,50.0067613103139,8.00006761310314,5.499661934484305,52.5064232447982,625.0507098273542
2024-12-29,15.0,543.0097261042918,1.1847847897612984,35.670435014218484,7.856704350142185,6.216478249289076,38.88691326350756,517.5282626066387
2024-12-30,18.96872922828566,422.39220652470937,1.1847847897612984,52.814439684153584,8.028144396841537,5.359278015792321,55.173717699945904,646.1082976311518
2024-12-31,15.0,505.88025834341073,1.1847847897612984,45.59981139874634,7.955998113987463,5.720009430062683,48.31982082880902,591.9985854905975
